name,p_win
Amy Vorpahl,0.17737499350000002
Gustavo Sorola,0.23056249350000008
Matt Mercer,0.5920624935000001
