name,p_win
"Brian ""Murph"" Murphy",0.3909583258749996
Caldwell Tanner,0.37120832587500013
Emily Axford,0.2378333258749998
