name,p_win
Grant O'Brien,0.33041666050000024
Rachel Bloom,0.2482916604999998
Siobhan Thompson,0.42129166050000055
