name,p_win
Ally Beardsley,0.06256249662499998
Brennan Lee Mulligan,0.6479374966249993
Ify Nwadiwe,0.28949999662499987
